,X1,X2,Y
0,8.82026172983832,2.0007860418361165,18.531507595013334
1,4.893689920528696,11.20446599600729,47.15922770717976
2,9.337789950749837,-4.886389399382055,30.416522013230956
3,4.750442087627947,-0.7567860414884895,6.986011837209582
4,-0.5160942589677893,2.0529925096918618,14.764671261590186
5,0.7202178558043899,7.271367534814876,40.337194826503605
6,3.805188625734967,0.6083750824641421,13.411837048534213
7,2.2193161637271284,1.6683716368713342,1.5835626801273344
8,7.470395365788031,-1.0257913188290044,11.988784623530227
9,1.5653385082545068,-4.270478696508624,14.566340645620498
10,-12.764949079170393,3.2680929772018033,12.417014382788462
11,4.322180994297529,-3.7108251020322096,18.774990815004674
12,11.348773119938038,-7.271828372993824,35.49163145809153
13,0.22879258650723033,-0.935919250129168,4.034699781430998
14,7.663896071792288,7.3467938495014256,45.34072392556675
15,0.7747371284845815,1.8908125980108679,15.435957998606645
16,-4.4389287381505635,-9.903982341119635,40.483192636837416
17,-1.739560746630763,0.7817448455199003,4.856208898182724
18,6.1514534036386035,6.011899243922056,31.780541308223818
19,-1.9366340870397614,-1.5115137528766778,14.131802920830577
20,-5.242764825335463,-7.100089685894876,30.965753881187258
21,-8.531350953125063,9.75387697615895,44.39082824741264
22,-2.5482609087582677,-2.190371508055932,7.998437532186221
23,-6.263976800249631,3.88745177915955,28.689812175219227
24,-8.069489237789757,-1.0637014010698436,4.5086855386486295
25,-4.477332805968378,1.93451248929631,17.527503830524058
26,-2.5540256878443652,-5.903160920612061,27.094361194001394
27,-0.14091114169327434,2.141659352652088,10.719659364721723
28,0.3325861119158394,1.512359488698907,10.198457596968424
29,-3.171610468404818,-1.8137058299356905,13.525590505702997
30,-3.362302238879755,-1.7977658077027066,18.35873514601372
31,-4.06573141022227,-8.631413011658385,50.105410747571604
32,0.8871307112687642,-2.0089046810413094,3.849917376507986
33,-8.150991734830223,2.313911277628871,5.1025608172282
34,-4.536491821916211,0.25972697898069474,10.82394050210067
35,3.6454528108876842,0.6449145537870533,9.99695986044427
36,5.697003422716503,-6.174129101768263,21.016710154780505
37,2.011708205887745,-3.424050454701566,23.78445364606825
38,-4.353985745909409,-2.8942483238220773,13.78428605279816
39,-1.5577626606368633,0.2808267111487272,7.657764446814228
40,-5.825749203916782,4.504132434770936,27.267519651043916
41,2.3283121986522994,-7.681218431386119,47.41853006602667
42,7.441260968977998,9.479445880152916,36.45904519977052
43,5.8938978557982535,-0.8996241790617545,4.342685609055441
44,-5.353763107552712,5.2722586346556835,22.06413886653192
45,-2.015884734865898,6.112225351912137,22.153735870919576
46,1.0413748903843014,4.8831951824185635,32.00369984815088
47,1.7818319858720093,3.5328658409597407,18.108555558500914
48,0.05250010360410239,8.929352469529176,43.06042707397362
49,0.6345604635180996,2.009946817223508,13.755727880251479
50,9.415753485281272,-6.738795305712232,28.210049798604228
51,-6.352424992428668,4.846983540790056,29.305133258638556
52,-5.865617025570799,9.718105928246462,49.59443276577865
53,-2.0680949037987366,-3.7372740572037886,28.9341327242246
54,9.614710132401923,7.402573957172121,27.2579917374679
55,9.33779480213285,4.5302232913769265,16.116785627673966
56,-4.306128425273513,9.55032476549517,44.79791235472855
57,-1.340016854756902,4.012281978981976,30.112159990099475
58,4.73625983886874,-0.775050465454171,8.778093007949126
59,3.0703968517304014,4.611033357832634,22.66683698763511
60,1.8821276557781472,-5.497003952920973,32.05914006837162
61,1.49119087103028,6.631929483435152,40.74362850893187
62,-3.4728392986568273,-0.7481727016383538,9.398715051370775
63,-2.1757677586081874,9.246318642396709,34.507638215691976
64,3.361473785062177,2.0373091812055524,0.8222999943253524
65,-3.849580372226582,2.6962459564590864,20.841940998596392
66,-3.3716633032868804,0.15915279137175592,10.148495867789945
67,-3.179230391894405,3.3821664747324984,11.06449621870795
68,2.8829540830747047,-1.0414937778899744,2.857081886500487
69,1.9800335633082264,-5.4653075436525285,34.299848719123055
70,-7.456287963528028,2.1969585063226846,3.5655732955217276
71,0.8333674768626452,3.1751571844605317,22.40479254404854
72,11.91572387431971,4.722397434952069,18.99973621113524
73,-4.564111127220793,5.585081440479264,35.8587649848481
74,-6.579537052557606,-2.3079230240735447,17.51797528032272
75,-0.3412080266231562,8.566713608246832,43.310358855381374
76,-3.7237741102421995,-4.132192693295072,11.895849784743273
77,-0.4922626221271615,-3.317391431810537,14.766227771598054
78,5.633179610532535,-5.399657541817117,24.194699364015452
79,-5.7373432620555125,-2.1891002237221704,0.9135573417416736
80,-2.4901622534615244,9.647660269084929,46.2513069039879
81,4.747104034628804,0.43775620692595446,2.0847200812313145
82,-6.12717759415084,4.2218148820077355,20.01308923811323
83,-5.001076736947824,-7.723855483888058,41.37222597132245
84,5.940148961761508,1.584713059624248,2.759154070906471
85,4.604294118904095,1.593638264715106,16.979035998123543
86,4.284153059513455,-3.2551279665007344,19.85235442802953
87,-5.171214208922324,3.407972591408135,26.85274979082169
88,-4.017048320869206,-3.447748888751003,22.46651183908825
89,-2.2776625175867156,0.08739579512528364,7.399860669245901
90,-1.7699695562674198,-6.874756467090094,34.68895618360684
91,-3.2180920141644527,-11.117015761122133,62.3868264819189
92,3.1261572551359373,-8.010288278033737,43.254113718561854
93,-5.521916697142252,0.260825396304872,5.701603450811165
94,-3.6978149819565664,7.715072977033679,47.87741732006946
95,-6.464284548617243,1.3352543467459146,0.729558170234302
96,-0.19641409113747801,-5.840467488705987,28.806148157690775
97,2.6163833026587686,-0.8577316561112405,2.828346306647002
98,3.8589527560683368,4.1175207698186576,28.001688098101038
99,10.81617974640345,6.68263974718196,26.99283128367273
100,-1.845909189712218,-1.1968958878796319,6.728026340373549
101,5.4982979794355655,3.276318653612989,5.770176676123454
102,3.20065763048796,-8.084780221554173,49.0019634760279
103,-0.12163062199467818,-3.6901545460284435,17.333441336284142
104,1.3996229952161912,-0.49075194821478973,5.62923191176238
105,4.550894540462959,1.5860910759565103,19.455688890335683
106,3.9316398105448807,-2.332095483679715,9.598393529651473
107,-4.722231279591252,-2.0502484660127425,14.033276982285466
108,-0.08510206930720297,1.895758677775409,11.474158404237755
109,11.29654475345426,-0.21128575830321347,9.720267881901197
110,-4.779725002463885,-1.729908878496932,14.325216988821124
111,-2.317979873230471,2.407407368867311,5.047095260297118
112,-7.703985072223124,0.3163099710016586,4.044581571867389
113,0.782532689826878,1.1609051810013788,13.462571992642271
114,-2.9865803448268133,-1.189608648680035,1.3769587506998175
115,-7.120304544912658,-2.46659941681097,7.332273820075751
116,-2.714307380083589,2.0802502313071276,20.18816968193081
117,-5.780912159109564,3.9059905085499667,28.455312431247005
118,7.4724227224568445,-10.349925125067664,57.66575510708307
119,2.1312936538905047,3.3845401751512276,7.989019854591494
120,-3.187185127761145,-1.9863590716439883,16.249148646712225
121,-0.6644028879347781,-1.4889543970086416,4.271833708552516
122,-1.545064845235611,-8.380019031649883,34.753579606032154
123,5.7616578239156,5.398092960184106,38.09720566781914
124,-4.066821296021014,-7.33212163901257,44.74172144515251
125,2.6053243822637926,-2.878939849065331,9.710374728004947
126,0.7097658166038984,-1.596642085725476,3.591079648148161
127,3.457693755350933,3.4737457182800298,13.483380802817953
128,-3.6279868923179217,-6.916819776975277,28.29911425432503
129,-7.914691986675409,3.051896895536026,13.783230027936714
130,-5.944296288920144,-2.5340817714934376,20.452752422784062
131,-2.9815701922525406,-0.2628364813477314,4.323624709347337
132,-9.681399029232535,0.9438929839691428,0.9088433881702405
133,2.619455119171028,0.44211043522330706,7.708895195123755
134,-1.5544308584923585,0.48700083134391703,8.433037263391128
135,1.9952317282006509,-13.862963782133251,76.0805234611969
136,9.779561541253472,1.9504666134396322,20.169587446801973
137,-3.2620429119351,-1.9547668759380055,19.359812875489315
138,2.4687088867459424,-0.5805196951718327,4.3820372527025295
139,-10.153422338907472,10.322464306796597,56.00428620865372
140,-0.5527032861623631,5.1008635585789985,27.020578869777626
141,-3.4602492389219557,7.681885271228989,33.259924725989976
142,1.431718444461398,3.044219172377254,24.26223341224562
143,-5.226266830734774,6.0557264484135045,39.108267675138926
144,3.449090822673942,6.509231147824992,28.718318969799395
145,-3.140437798207895,-2.405135592303939,15.318609631307385
146,11.519583488419709,-5.300079113607737,20.568256598601145
147,-0.6797485033916041,5.684456813013476,33.99721301820759
148,0.488624838574278,2.914768398766468,15.622858397031273
149,-1.9972451463143759,1.8502794392375939,1.2942231245545546
150,-6.532634258676583,8.29065339809094,31.730989275405015
151,-0.5908202256428488,-3.4008910199842517,11.870885680171728
152,3.3319154101595716,-2.3035989369427665,22.206531050461653
153,-6.671292357013767,-6.733587528987776,29.492247757698298
154,3.4688657634506628,-0.7978671907313345,9.171919399307608
155,-0.6685077983421959,5.3887190298813135,30.601861624538405
156,-5.634129043783718,-3.653388764324124,13.92369456987276
157,-1.9243990459063773,0.47175794658537,4.047560504917824
158,-0.21085725645289466,-1.4344359619495382,7.87518710227568
159,-0.308132010478237,-0.5365263814558734,2.1724244434178646
160,-3.5980219427589644,-4.064964942770387,17.119306066901256
161,1.3725817886196976,-4.45457541497764,10.829772000381727
162,-5.786776295954268,-1.5614612556284666,1.917666684784808
163,-0.7883350808190794,11.283617486491046,62.327965894080876
164,-3.5235013792811687,4.716303624847474,20.848763065015408
165,3.735941671023159,-5.94472477601868,19.040657112636936
166,3.8662648870129983,-5.919403200966588,23.708313427150628
167,-13.295861189983704,3.031597621796904,21.130877706348578
168,-8.779452917188596,2.254672309029574,22.40120069661037
169,-3.420054488686083,8.297753980949361,34.1650165551679
170,5.342546996580046,-2.2669290192569385,13.066395489874878
171,-3.4391880551434117,-6.070387015470603,36.76393801468383
172,-2.204613161462957,-1.4017774759225454,16.042839418831395
173,-1.823467721958427,0.7835192763618198,1.4424230117698569
174,2.892607488644392,1.74827228496587,16.418914762083656
175,-3.8207196195322153,-7.188957369007892,26.30591709525156
176,6.8226592405123565,-3.4472459227496883,12.599523383292206
177,-3.2614679996750957,-2.6059465615055544,23.08387251058259
178,-9.215347750783243,-2.389870020202433,13.399560271732172
179,-2.398279070039738,3.1017914917175626,10.458659810302018
180,3.4922857455366803,0.0188544454313467,3.8787743030263666
181,4.659241870571519,1.69982491900631,9.912840065113915
182,-0.07841055801277384,0.8046408414911149,3.4410675733588896
183,-0.9532674679069968,-1.9742475701672515,4.207472992433253
184,-1.3386676844698322,-5.640056657350034,17.818779574609135
185,1.4022085265814799,-4.965618054647903,17.2016930802651
186,4.208156320368182,-1.2472929008047442,16.431255469084938
187,0.2474749082504537,2.4691838814047817,13.010140003930005
188,3.2165723253146394,-7.853117043167264,47.97060288158882
189,-1.0345183808198586,4.400894560403911,32.320588240411
190,-8.490529097161271,1.936402376975317,10.056793878356643
191,-11.277821147010947,-5.112534218178018,15.30585748441116
192,0.1931527592009405,-8.283575511609769,41.08416703382835
193,-4.927553688420753,-7.359175037317934,45.48966681249028
194,8.240674661037797,0.8211387774366697,4.714133283822511
195,2.836451389263347,-1.1133755025757726,4.078822443088463
196,-1.7671587437859952,-8.082370943255162,39.4526488597388
197,-1.459186813739314,-3.8074610590581166,9.732919955707732
198,4.289619621461681,5.705509333287867,26.352661740991973
199,7.332893577870888,4.26275969730616,19.0878113317844
200,-2.9932696846149303,-5.579484929801972,23.78135457627332
201,3.8333159082254302,1.7814640873614445,17.15562894246733
202,-8.842692253385154,1.7774089637188453,13.383818597947128
203,4.072599112439332,0.2946279459081498,5.5668672300306286
204,-0.9252683550467077,-4.038242438081778,11.998016570194752
205,-7.23267349781694,4.001489746700138,27.282106329014393
206,-1.545572223858544,-1.1673333077184636,0.9758493077735093
207,8.663605934595665,3.422505534295952,13.038156162756085
208,1.8541250064055104,0.7103090259361783,0.9127171293260317
209,7.599974303828864,8.597946537080972,52.251062384861065
210,4.647525557397641,2.9111229569896215,19.28297773546347
211,-10.473015356030723,0.6186095711675329,6.093885811869062
212,-0.65053477096852,0.4697661469278436,7.241920008899583
213,4.715230436612589,-13.698385835947782,71.35721870957617
214,-2.8465602673509256,1.3495217747038069,15.494943977534245
215,-2.3342277302638124,-7.084530565631297,43.242755442594856
216,4.344817434483977,1.38435952923064,7.183567279814358
217,-4.855522852222423,1.574086022579119,1.7494160273092112
218,4.107928560248979,0.026463231496804268,6.804581930471994
219,4.002824017154984,0.39130087580830675,1.1804644100360489
220,-1.9761449132717717,-5.797102581999565,36.85640438542811
221,-0.42965383485806363,0.9714646902288583,6.346898885955805
222,4.379163807936655,-0.5755373424361336,0.12432670112111438
223,2.287078031104954,-4.823060068668642,32.32026207653318
224,-3.9131457791376256,-0.5519464951344387,0.45010904458451884
225,-5.2731423199250695,4.101239186623406,25.08319288521771
226,2.3156516465930355,1.3954788219622671,0.8278234390135806
227,1.6945206260797228,10.105217807423987,53.42743966305327
228,-2.3443209398339784,-11.007206427502789,62.71816626992726
229,0.9965009844823259,-0.25301770480832947,6.873750204777252
230,-2.5875952125520163,-4.89414929679385,21.886131339831408
231,-2.1959476090107395,0.9066921460891064,5.89964286405029
232,-2.5140835032126914,12.062268397718743,60.14269865492957
233,-4.80252190816574,-3.965586813538358,28.198578461761663
234,-11.443100200072642,1.257422075107685,3.2964517882217326
235,-10.082033138998801,-2.697273166872507,3.7197863453407347
236,-1.3783526728027848,-3.548639829234441,6.785248578794306
237,8.694363387272555,4.9719719565774945,24.71508928919671
238,6.595684381507878,-4.412094092749593,26.245302608598987
239,5.642970322572842,2.480004731719811,17.220058834807766
240,3.8570297433842278,5.147194143913836,32.48651229519359
241,-4.543816229795265,-2.1215881048895073,1.2593138189279052
242,4.312980056642256,-13.278095464874664,68.97567751283823
243,7.566640412866025,2.76566032103792,20.013737903337255
244,-0.22851980330117427,1.1025382787858664,5.72565411085109
245,-5.1496764165448825,-1.7497168229455238,0.5940691630099622
246,5.501421691101869,6.490109861631106,24.47407392647569
247,13.481120262817898,-0.3696233314020757,5.313137849876704
248,-3.292764834025019,-2.571169829699944,23.551978543828774
249,-5.090209376436824,-0.3892737797042538,3.6021368055773983
250,1.9136621500613407,-0.17121140265976936,5.308220230144967
251,5.4817342283289925,-1.1710790067226826,16.223256114149667
252,-1.7372532624928163,-2.906342384301626,13.157461564667386
253,-8.163172631172475,-7.83883862154227,45.67578130769859
254,-5.895789653188439,6.507140358323804,31.212952113154397
255,4.476301364449649,6.8748203319649495,44.344034972119616
256,-6.661058272972509,-9.8431234489301,46.163389396699294
257,-3.3002816006704143,0.8790947664801401,6.934153645009535
258,2.4934513745491373,5.239860779840264,23.95798657062934
259,1.421398354036073,8.713343903278156,53.18340921724007
260,-1.1130284047416024,-4.565396090208981,14.561799036584036
261,-8.406091077472167,-4.44485679047725,12.73385379880204
262,1.210589804925615,-4.443601286768154,12.869676769194708
263,4.683712317676286,7.061638530187215,35.79523813884557
264,-11.847934526133015,4.32026150248824,28.069548078392497
265,-11.198020293308684,2.0074952754514372,7.577761818891837
266,6.124352820968299,0.3242805317178809,0.24281747876459914
267,-6.398445866021198,-2.927156021388863,15.53977177239616
268,-1.3082272285545036,-0.9112239189497147,5.034228033608303
269,-1.0144842038333353,-0.549413896546569,5.919086898833542
270,1.0674002445508444,-6.042868268666107,20.731704413698445
271,-1.2100991493510975,7.591305851778527,45.12732519778574
272,-1.9232271157125889,-2.219180465775989,14.428191963035028
273,5.390986518571189,-12.795923331720482,70.68179786279175
274,5.906893006441429,-3.1595187900258366,19.726980617717878
275,0.8196428622629331,0.48160677960598414,8.241151993657285
276,4.712340596101969,-1.3379737311767383,8.329653122413054
277,-3.390128907822252,6.489228953255494,23.54177850416038
278,-11.820869085705901,0.10167090852621624,8.454608460255237
279,-6.739627113145602,-3.8078669412827946,7.059898154435455
280,10.056283407315686,-0.22297713227928512,4.403414677950658
281,0.9753484857569059,-8.907814278527956,35.377161520983286
282,-3.6452232939734786,0.9827870036439246,10.825366485028662
283,1.7737884655660905,3.084432771966394,16.911212420916385
284,0.04313949458788161,2.6350210422732983,13.480059049449405
285,2.26890956317842,-9.148702055022657,54.200998685251946
286,0.18502860955074765,3.8395120386635186,18.49459581679992
287,2.9493991036725973,-1.8192940498539496,1.2478134667337983
288,-4.028132537696839,-5.591559621608161,32.218446025091346
289,-0.6552700577070616,5.665399397798609,33.79190438486931
290,-9.75902050740801,-3.29945864864749,8.76127315809411
291,-5.69901227713387,3.9247876062025004,27.88018998001536
292,-2.7715481328565046,-2.353188290773957,0.3895581284687246
293,-1.084747849683245,2.2269662544739868,19.308169862078742
294,-1.9619449907481836,-15.230715273999634,82.7899140573044
295,2.716559456937598,2.1952147883602127,21.009154047520838
296,-1.0977051416560664,-5.420183103359673,17.664953708035878
297,1.7589005534067914,1.8961776676779338,10.542274278178828
298,-2.3501644135043738,-1.0836573528776932,12.706316252747358
299,-4.650782512621606,-0.8929454604366458,0.5591050353758124
300,-7.752146725417405,2.086594105159177,5.181491658973968
301,-4.721842454121469,1.1905157391615606,4.6111392959768915
302,-7.0298145813394965,-2.9502882293476986,22.36383017021
303,-0.5524470253296392,-8.303499059346317,39.19285590125195
304,0.5757393657004608,-1.8957378143996138,5.557917384185218
305,-8.711780989046153,-6.516213770561579,28.274723375218247
306,3.025600420410833,4.47777992775662,23.72696732922529
307,-0.6595431988998353,2.0238090602024874,12.98640669958376
308,1.1192178165645534,1.6481149106386903,18.432511984377914
309,6.429920035401465,-7.53499199107136,42.656559175325256
310,3.382303661808116,-1.9100447778891012,18.712597004199033
311,-1.1212946712582017,-1.51124865227535,3.0341175756071443
312,-1.8757355833064193,-6.130980958915096,35.46111842337527
313,0.9166959962880062,8.354715163944286,48.49154182764869
314,-0.28066510224378555,-0.00692521367547863,0.36740870598430525
315,-3.4364951857833175,-0.5873727320905574,9.709016004825703
316,2.330832130170154,-1.8512122035217147,16.813721291512252
317,-2.2690202052600053,2.016322700816234,0.7305136092623714
318,-4.590023849095227,1.2624831353843622,14.22391612963995
319,4.101608986307109,6.799742708397422,24.91127498013933
320,-0.45191003638473404,6.837986199033567,35.49838716422992
321,5.17204943240759,-4.9810632018553305,15.729145172636278
322,-6.089692557965755,-1.5248181892721022,13.117169919216577
323,5.144677462974271,-0.3614350378000245,7.025114023190236
324,-3.0032877882889424,7.761215900242804,41.589283357339376
325,1.434522440016732,-11.602971378953708,49.49001437402084
326,1.5858031314634438,2.600203072854339,18.709079669469375
327,1.128043272355519,2.2485605011599628,23.0578577198232
328,-0.33637804461490867,-6.591979348223671,32.53550801275683
329,-1.8535200161022671,-4.728078977781457,25.594425267659542
330,-4.663704553971889,-6.315341745511377,28.44270028568728
331,2.262445463198232,0.48948072706313545,7.927551892048097
332,-2.2408268134035403,-3.2466896386519406,24.986832679562756
333,-0.11711552510726085,5.395973640562445,25.933143724206303
334,-10.021078577494576,1.8843826042544638,5.6754042758211245
335,-2.7285598700889118,-9.422929224897238,37.33290888047475
336,-9.728515415819794,-4.563917470676459,20.716022228488963
337,1.0975477789652264,1.965314669900458,19.61450830122788
338,-4.694907863388926,5.085104957066223,24.23162238459192
339,7.11491748258053,1.980432924782801,15.05232014998294
340,-2.9570133390405537,5.622095922551841,35.473526919225264
341,3.7769784783166918,4.33703705677459,31.149480530643128
342,-3.2823183748576574,-14.172772526373512,81.30637787076589
343,10.583955107418376,-8.054392017249668,50.29252505922656
344,-0.17884035930110564,11.903726756098752,59.39749536132935
345,1.65288378137187,4.746232367791178,27.43293599523657
346,-7.511982846908563,-8.888334773668532,45.99139095230547
347,-2.6635139598977724,5.4537486721725,34.676045801763316
348,-1.7312472382365498,-3.9731816053574938,17.848640456802926
349,0.9898364497248373,5.409676092386326,35.7017617838317
350,-7.224700995366859,-6.0527149706167584,21.668841036290427
351,-3.943346272546831,5.473191873560457,27.50143873084114
352,1.1741076297436595,10.660767052852218,64.48410165444376
353,4.6822286291555795,-0.17547588434835193,0.8885134594108883
354,6.32538919044383,1.05748506365939,12.015498726710131
355,-3.524606762537225,3.3998742212255118,15.047925695054653
356,-3.481633269305414,-1.451985504019334,13.403968629074583
357,6.638913479789915,-0.5064074310869968,2.0825953633900234
358,-4.015706936708142,-2.321688457177458,16.146874613435074
359,5.108952927943365,-2.762703367083646,4.951890667536894
360,-1.9343542342532327,-2.551463698168143,17.70638908616544
361,0.9196274717015497,-1.9274488018780414,2.1490203099362257
362,-8.009180244862685,-4.435904709225201,11.572762765700421
363,-4.663945207532191,6.216596922275775,33.78796516395307
364,4.063370210545212,2.9362968969991297,7.471273949899075
365,-2.52679158632205,-4.078957709969856,19.220697652702306
366,-2.537588008286785,-5.25940051275837,24.932320169662578
367,12.486001957935036,-11.22660824185701,65.77161703944186
368,2.8200426753690455,-6.422761489962636,22.43016957076865
369,-0.5217174574734632,-4.940009712468672,23.1396539738522
370,-5.888144812413154,-5.700981504674808,29.349381118926743
371,8.774930768710293,-0.6649421115479599,5.677548431468903
372,-3.8285109723904314,2.778934820414365,23.412860344029383
373,0.051746572831496765,3.600168796708264,17.7781624493793
374,-9.12128327968915,1.518019522310007,17.624801262398933
375,3.8634741855119086,-8.307991455572818,34.002454119610064
376,2.2409764221165624,8.480907864140804,33.52325700866527
377,-0.07428851677351359,4.107029685124056,19.01971257408892
378,3.3528522515545496,-3.5375284875528843,27.593381951874566
379,0.19883367293247584,-7.834973554308013,37.8994435449044
380,-2.2565151855126304,1.3284398748311796,4.344510699757567
381,3.615502468688991,0.12306062623955809,5.844923794284028
382,3.599918650715827,-5.514531064776849,25.998201807640186
383,-0.508486372774358,0.09639692256538608,2.016349059541462
384,9.247956233398183,-1.070833281000421,11.770651103662475
385,-2.4950831899709143,0.10675611921774304,1.7000654633401688
386,-4.595567224349718,0.9637692453260809,11.488930066873683
387,-1.8252760827312884,-8.956637740205919,48.14400668201975
388,-0.2929327556693042,-1.5877154696509963,5.433399102867295
389,-8.162116510339917,-0.33567077307260884,7.539688117113763
390,7.446779810372401,2.6065187413785686,4.714552147600219
391,3.059635963655789,-6.707483627915213,33.12646069665481
392,2.3844918446111123,0.7422479069003904,2.2670064605670026
393,2.6452261916721582,2.1131431085441283,15.498135628532037
394,-6.798903627519069,-0.20700405778983716,6.498941926960496
395,-3.7893543021258305,-0.25042047142411045,7.740909749742702
396,-4.4870046345091525,6.562351835704981,43.26025619391582
397,-4.294861942221711,-4.4947107823276795,25.260842658838246
398,0.37293203271776765,-5.385495347019974,24.074594275188165
399,-2.1233165121643287,-4.149822987689809,29.689373821160082
400,7.055860319448058,3.9290191341558627,14.425833027935276
401,-0.2873475923269732,-1.9560852608700814,10.071574779573556
402,4.704588072875567,2.0260204016144403,9.48152896053601
403,2.4902620234142834,-0.1309611867212524,1.1154054579261108
404,-8.44115013885716,-0.5623299127977636,3.8540007021118297
405,-2.662449596045339,3.2252763672993847,23.693305956410622
406,5.059212164970946,-3.289755223805843,11.168929188897781
407,2.3419261713852584,8.679394988428566,36.29232998935267
408,-3.338563602852795,8.409608700365688,31.975926510042747
409,-4.262929235853235,0.11479877803975722,6.498153410981165
410,-0.05572805920920625,0.057494499350311874,1.128006086901589
411,-4.188390209539726,-2.955915518822149,23.633202527366443
412,-3.338601431796997,1.6348129770222868,2.02173401859486
413,1.6501755725515581,11.129721658691293,59.47916615888425
414,6.854945031455607,-2.5492162106923955,9.681148135502553
415,1.6243480789809304,4.985589903958798,30.43376509261407
416,0.15300912169258904,-0.3482078922346779,1.1361179332333413
417,0.2578747138494452,4.336383144042139,22.488481195450067
418,-4.241602614026163,-1.628347344100871,14.189478155206311
419,2.3521657242324094,1.5572353577707776,2.6857083764553034
420,1.1979137992819566,-1.849005831519016,1.5924109210620183
421,4.862678945712685,10.669341236022687,43.96394013676588
422,2.032077468381031,-0.9658835077491995,15.271892712334008
423,3.7787014444727127,-2.6956631837649496,3.454422246680293
424,-3.748451723514483,0.16404373806855901,10.652916543333568
425,-12.913983164849723,-5.769751818260048,31.3888595513076
426,-1.7398092796042293,-6.766944290738567,31.7476226076755
427,-5.163215509460648,-2.183741687290037,3.6683936849408645
428,-8.214826467653046,-2.03035898129916,20.702588015033058
429,-2.6763508226642223,0.1270260419250801,8.61031025645988
430,5.7709201524700955,0.8625220824643296,13.348147326952356
431,0.10531010671031812,0.49727228515355876,1.1803552250444391
432,1.1369638756056424,-5.083693243048844,14.933740942949402
433,-0.5738766238539909,1.5437562091830657,11.229785465671613
434,-6.853799912715303,4.328264614079266,22.15784182222493
435,5.406880172290949,-3.156879942246944,23.661608964760983
436,-1.2066889572655228,-4.390951714050366,11.198879032881168
437,3.4969024179390855,-5.306111437229546,29.841689696897987
438,-1.1123850512146014,-4.294599539038358,11.22306791527032
439,0.2547713850564475,-8.971146357448605,44.12884270688759
440,6.632308211828467,-4.82303212103132,24.4582391598981
441,0.29947341558138024,-1.062615223851546,5.576855145863685
442,-3.8105725596124906,-4.438900683179677,13.006064874847615
443,4.681992717762298,-2.6282029655096983,12.2463680314824
444,1.3558509231865545,-4.007484426971874,9.517335821856674
445,-3.2359071592388036,2.361235750439244,3.0352224451221774
446,4.652042480555582,-0.8765820116350997,0.49981064666853087
447,-7.109599358202185,9.989780398750023,51.7566925459608
448,-4.282746541171047,-7.707936998358937,44.18345866693127
449,12.97212293884076,-2.0201614692546856,20.010336598122446
450,-7.308663441307041,-3.417198833943409,18.235483083689985
451,1.837724480111345,0.9515577879696985,3.2433968116566265
452,-4.2586459862679495,9.113618000639796,39.486453387305126
453,-2.6078983899668655,-5.92343295205776,24.3870795884583
454,4.803466992303298,6.645314232698412,24.73580014883303
455,-4.087465488081133,-7.0067364651965525,41.424163952198235
456,5.1521913370780235,-10.236618065289809,41.77724301480582
457,-6.133108296983077,4.837230750251175,21.14475868610916
458,-0.27676274011194785,-1.3196867429634394,5.633906176913923
459,1.7640830324718917,-0.7638721177270434,3.5739702864964698
460,-6.493433610815451,6.380376730030938,21.68742381802844
461,6.625070264434076,1.0266628188897984,3.2483175709261847
462,0.22567007716005139,11.69812403010029,58.56048035771644
463,-1.382164225079186,-1.2978849091701972,3.1208549624812827
464,1.822406246202528,7.3566097807116915,34.49414873694476
465,7.963853772087418,-1.2928631583838563,1.5209999418336348
466,1.5416562297967262,-6.890417335320386,28.488023850151432
467,-1.5598805395810647,-4.201451977396532,15.29444476087529
468,-5.034158761494919,8.407883581336637,41.83552603562004
469,-3.9614333090307245,-2.6580295400572744,12.888574860281304
470,1.829243939584291,6.489126334867928,28.3980501276897
471,2.4055756319441772,13.796775570107911,63.681869302238525
472,-0.37333989125574785,1.2935822011487303,7.581558495309018
473,1.3780033699202818,7.175246933945773,44.63307967083531
474,2.536194755548076,-0.5811485019357455,0.3185974206807347
475,-4.737442974534398,1.222217279808163,2.73586998815413
476,7.006724156459798,-2.0519089682893528,18.152974448139062
477,2.644718092082911,1.2307389434242209,11.799834032985498
478,4.317598291906573,-4.023768703189346,21.054314135655048
479,11.733235152632808,-6.3958055351412915,36.80564126841073
480,-1.8277554499301865,4.690462704528228,22.24587372716805
481,1.4836658624705668,4.149930795405516,29.856609425459567
482,-2.480511669912812,-0.37402491340170535,4.077679969759263
483,0.061159918194086935,7.846298072679522,38.84457801112801
484,3.452145121915245,3.983360541823357,14.734983307090856
485,-3.2896304626839763,4.844413192815254,11.717282124421532
486,1.1279083178440177,6.945726578389637,45.79939743752595
487,10.07030077459234,-1.5338288801350228,0.5913304237686382
488,-2.0315156522253126,-4.320224955511848,29.982109564270125
489,-0.7178975585816028,-1.910127244751918,4.401500254103864
490,1.7975219978550507,-0.7228340846686797,5.53783840764518
491,-1.807996403908099,5.322925680639258,24.995533676960395
492,-4.689401155757259,2.1655397657567184,11.934636921623383
493,-2.0297086359424172,3.6218425243498222,11.112722485083927
494,6.926307733611152,-1.5154912671203635,12.393039785370583
495,2.205164536365757,0.8939643286658993,5.491272709620058
496,-3.997111997715483,1.2039375487096922,2.704027713620932
497,1.4456025263940608,2.0643541022308733,18.490839929096904
498,-0.9919944841002287,0.47096150155073285,9.664247500114369
499,-5.738054724215677,-1.7905703773992836,0.9504182663611055
500,2.7798133985489897,4.462369436657651,32.614524668646034
501,-2.1115741206263534,0.5235701471664216,7.096436770851667
502,1.140266625620336,1.0073997335221643,15.769483496438617
503,2.703867926501951,-9.090388151917848,37.124945121843915
504,-0.24662035073786295,1.1951680062338246,6.236230429820744
505,-5.001651744768527,8.36992853505355,40.108778298350444
506,0.8077963361908398,7.817023725144647,43.524508784645846
507,-3.952615109165386,-4.536500607626635,23.40331595786912
508,1.1212611048284096,-8.393441814143284,33.633982132678256
509,1.0748279531304676,0.48609616001459016,12.880888680929154
510,5.078326407710506,3.5052067058254854,24.526025597396522
511,-2.08738674942517,-5.487483273851224,35.43820256025282
512,8.561526106716483,-3.96057510282575,29.774771960346495
513,-5.227622785347329,-5.4242802973072255,20.97748471892313
514,5.586526577683323,-2.5945010221242604,15.684358652504327
515,-3.768522330903004,0.6884491295167366,13.597210176345188
516,-1.0347235527864551,-3.3904773039312346,7.678558673161215
517,3.769957334892398,5.326577460489974,37.65243856066236
518,4.926587544699334,3.834598348305995,11.869221504399654
519,2.013127655650176,-8.879439999809144,50.556255617925586
520,8.346254031884843,1.5099460517877648,12.510604139611328
521,3.040782138003207,5.574811614737011,28.735746821522
522,7.1667625144099585,2.0919900565459626,17.67716901807924
523,2.177730796478268,-2.9961213872985972,25.86504183019854
524,0.165448755693801,-4.2708063040717725,20.838214835029998
525,-3.5997026607094735,-4.4678720115709565,19.412431897128247
526,-0.7801194549864368,5.245465939600051,32.88115420334703
527,15.854873866450898,0.9474981877395673,6.6457454750292655
528,-6.7420654387806,6.32491664928128,39.20735943351562
529,-1.5039193823801356,-3.30304296988496,7.944926206375423
530,1.0492473896152765,-6.203122997781137,24.338975751699913
531,1.1123158200430339,-0.44187761599577485,7.640971807729338
532,0.4918895340773783,1.9070812710458542,13.156291332442633
533,0.33746128620403404,0.08169042056446246,1.6096495432654554
534,1.4215725949897227,2.0770031308556343,18.109482931245918
535,-5.157412301576288,-7.149956293427242,26.389906107605967
536,-0.30819026086107376,-7.163677449670541,35.13164779294006
537,0.4376573546083543,4.69373437841155,25.190175553997026
538,3.0355583595802296,-5.240852034127366,24.320959876141867
539,-4.301312259787594,1.6415064750037769,4.684939397645324
540,-2.00648902566755,-1.5832764752605346,15.438286283491168
541,2.9845324062397696,-4.936433467288262,20.94500398142555
542,-2.0061735495559123,-4.000412380423006,27.97143686326426
543,-5.215647490176778,-4.285390943355823,11.13019020216953
544,3.3873108467320585,0.2591019474121078,7.966920107499072
545,-4.395803144175375,-1.1555080379649827,1.6610750394239946
546,-8.19403653561089,-3.666564037918328,26.457397460277537
547,10.747872674336435,-0.451219248328753,1.794798118184735
548,3.6582946351519623,-0.3274418757224149,6.833410069173231
549,1.7408461762090433,3.31629044839587,17.057740037720315
550,-5.523082987632354,-0.1546812863697947,8.51359523577243
551,7.8943259720824415,-3.977502750266455,24.68579344908594
552,-2.832199268661096,-1.5384563868350087,3.110447487285105
553,1.3451203658812334,2.6245893182294133,22.57216222810719
554,6.337058274093284,2.497491167343297,18.115980068251574
555,-0.31026562899167015,6.295835648054069,33.7381855311608
556,3.5205551107079107,-7.478397581285082,41.46830758106097
557,12.631841201779991,8.84960694098367,50.38224710004993
558,-0.8410711138353705,1.8895505086923752,14.598430113666366
559,6.6217937499791955,-0.8610039634844131,6.4040204768734785
560,3.651758951885097,5.5228923678573825,36.57969306079233
561,-5.074129538672205,-3.0116592679143106,9.34107383441126
562,4.607041989052906,2.3040723857441527,18.650265128964755
563,4.618982801569734,-0.6628400732685902,1.0049171351428599
564,-1.4450260547711649,-9.993197377916864,42.00347528003186
565,-5.730002132537217,0.23533047329246848,11.255172936617651
566,4.122786097821182,2.6558918326784764,4.027525280570369
567,-0.64120987013851,-1.3588578324534835,2.180764182372959
568,1.0858981631914006,0.3910559054607609,11.20682109040897
569,7.02272757469856,0.7322038523912493,3.927358479917089
570,-7.406229810986492,-6.362790675161585,41.28135893055434
571,7.5937966848179,-5.855802307250402,22.120506380173655
572,3.822487265167668,-1.341863676046906,2.224078851011123
573,-0.8487914695124275,-0.6706639138421006,4.011789160733574
574,6.106924797295992,-0.9642091427198234,8.167505450997131
575,-0.16659641422576477,-7.654017486997463,38.35643822345771
576,1.0334525585400165,2.6552125348902984,21.23293775474806
577,1.1957279032689352,6.989481305433677,43.72981046090709
578,0.2758567739011587,1.494887280595088,8.103617770684336
579,8.242520051340895,-7.750070946790739,46.847645478386475
580,-2.2791267389968444,7.130793760096331,24.841606523125517
581,4.680645741555412,3.3919004942023516,17.125708416030733
582,4.163253697322392,1.6353310456051104,2.9486129719935397
583,8.157987137661358,1.8887958486535894,4.754483574804722
584,1.1993355294763928,0.7947933706282163,13.332148779964411
585,0.9643197777519301,-5.7850864040793395,21.380392605356967
586,3.853365272316717,-0.6521986689166366,4.097476431508296
587,9.10957548930203,-0.37825235294211446,8.197580089772236
588,2.104591420878283,1.2330109313066722,3.82932041800086
589,-3.1277851755462667,4.960684142592529,18.25080517968976
590,9.525318202800088,-0.07388609829922388,3.831954528050156
591,-1.5023939279271115,-1.7751436552768705,0.7012940092596003
592,-9.461809466586708,-0.8890657185150628,5.334674155609315
593,1.2549905800416197,5.273789625901414,35.284823097612616
594,4.800238705749639,-2.0824954121834622,18.74061105908537
595,-1.3841149738694416,5.619526528072195,37.88769732382912
596,-0.8673194853643956,-2.5501476987780847,6.3879885006744095
597,6.9625922471713615,5.18792833525317,15.957422694999966
598,0.09395895887128901,-2.9688872388933376,15.686310984239004
599,-10.059401596223545,2.9485180278736194,20.699873351064557
600,-4.481848612760901,-9.81366004570376,41.16933002654549
601,7.92410263674509,3.2398389550494415,16.21211915719828
602,-5.695040965584827,-6.072006914796296,22.79609172013477
603,4.354808910858098,-4.389853082679351,20.565635219888733
604,6.480749337639416,3.082296563130776,4.8398565848804616
605,2.6829826028341177,2.0234772780715016,17.45423707097608
606,0.9572543601195589,4.402555995885552,29.836055621513275
607,-2.270401812578026,0.4297598671719234,8.549445010451176
608,3.7597329383859783,2.814948592930639,24.18987843194328
609,-5.974934026343302,-2.5020483365213195,21.98537725792644
610,1.2640175270957728,-2.0400735451994843,1.9463535950430615
611,8.873292804866665,-1.9657659737705644,13.074729891994302
612,-0.8110922378834542,3.8471508908865193,25.955207221215726
613,1.6526637161745787,-0.7263722860238462,1.2524958718182413
614,-3.7824676444037415,1.5075702869838308,17.261968829458468
615,5.195482201891963,2.395476120491143,21.96601614269281
616,-3.890917607280611,8.683874784883553,49.02878622094118
617,-7.232889450179472,-7.913428209013945,30.360242430863735
618,4.802786122286141,1.1292023930134505,1.8667866704001115
619,-2.747492731520201,-5.492853637776648,19.4335941476697
620,11.60399919640149,0.5854543607772098,7.824063524453824
621,2.6710058542288575,1.5894254861909078,15.085091880555806
622,2.1740397886557896,2.7004723026240294,3.2790909837173743
623,3.662120048774381,-1.8761120038033634,2.2047406803203518
624,-1.4582099317592228,-8.705114041794507,35.40476998147605
625,-3.901522032507697,1.3555639822335743,10.223339522499876
626,5.225116877513453,2.99519763188092,23.422220775145597
627,-1.7034617193896522,-6.315864560425771,27.53319108432744
628,-13.886795727137166,5.758669873903996,19.395452797467904
629,-2.946144932550749,-2.2423250310202962,4.433233307230845
630,0.6578698395403436,-7.027800236959449,31.63222356639317
631,-1.7489109005576844,10.11735974884987,51.29740802721323
632,2.5269346928867136,1.796245782567282,10.467752801149127
633,-7.9124723899087925,11.218009472913202,53.49231162843151
634,-7.113974543131714,9.611623777221993,50.96887859018421
635,-10.575280075939038,7.026827193622101,26.01409373585705
636,8.090271345001128,-4.122045606639173,16.55114350633708
637,2.112901861364414,2.7374028605233254,4.245543208716726
638,-4.068972416156529,-7.245588053684652,42.91099860595297
639,-6.588586715703827,2.705041099799038,9.465094610503753
640,-0.4255780125970287,-2.821505166510802,12.396627184516593
641,4.833840055832301,2.5403395469573886,4.2606347058143434
642,-3.777313631828167,-6.006007595086946,19.08122077623821
643,2.6163086934403843,-2.6879168427903095,9.10796618190249
644,0.4960243126575121,7.881494863138588,40.625188318314194
645,2.511641200373898,-4.311334998766184,21.610103041371868
646,0.8033059490988641,-4.763224764076939,16.77280333590312
647,8.042610779743619,-2.807893748016104,4.503799903700763
648,1.0363537348680931,1.53866287339716,15.883935111684936
649,0.7962523418685121,-9.792744775682694,41.48761589398708
650,-7.232105319916643,-2.2617513778454583,2.0929318199285993
651,1.5971591666576532,-0.6888960714288533,0.19585474610199904
652,-4.785737365755084,-6.742121595608505,41.30156139611739
653,-2.007787722496718,-2.3423802233986155,18.960178629878527
654,2.5641822879637832,-1.6315923107915906,5.055151149519867
655,3.013538282146648,-2.9732488486020268,11.049956629376373
656,-1.2797883460713417,-1.740231898213097,1.209086844721032
657,-3.9118348345104486,3.125593282168651,18.2544587963008
658,-4.067979985472535,-2.6082075498530948,20.861495288148824
659,-0.3655982297409862,-6.486898279783699,32.047462894957036
660,-1.6246747916024957,-3.5565317987139426,13.903387914448063
661,-1.940770962411248,-0.2996400133554531,8.61223526538551
662,-3.9995681157033234,-1.100378899101778,7.895335391903635
663,6.543343761760896,-0.12899279127243557,9.742629647320523
664,5.726310865096123,1.7324722100338037,18.02256085384901
665,3.870803049094082,-3.8722948438541294,13.380602829371268
666,0.5245358254275636,0.6695646130773796,6.0411958355377
667,-3.0631286943746785,-4.114141621471409,19.071431405098593
668,-7.451326939536491,7.48069818475816,26.844902249906344
669,-4.862014446762489,6.731105366111501,24.06221828662616
670,-2.3374658682892675,-4.312466498623669,29.415671771128817
671,3.112595701524988,-3.1559597087342857,20.26874710467895
672,2.8422945946213845,-1.664058824261048,0.5172912934191358
673,2.402122480588934,-4.840930319535524,30.02530598808747
674,4.156755289923842,2.439863413315023,2.4188267275721063
675,-4.598253450313309,13.214678605073708,73.96084230310935
676,2.7006151320024703,11.452335352652694,64.79174105802453
677,8.001339093743795,-0.944173901088919,5.578257868341255
678,-2.0613587730227145,-2.017295917104006,17.609818068098953
679,-9.15014275213905,-3.4791755967477367,8.097311867524892
680,1.233830119899853,7.629787804424042,47.545797006145776
681,-3.8638594148910106,4.410282996815053,30.19833899427862
682,-6.262966707516595,-2.931600126055662,3.912798609956006
683,-2.28820297144763,1.8590554074874674,1.5018558809267437
684,2.2865482336040563,4.8117087240717265,14.703657356951537
685,3.854184802024683,1.2158410770124586,10.778685682699884
686,1.9518247175431118,7.942653455487663,35.635674722387726
687,-2.5546309061613153,3.8736415953358105,20.163036414422187
688,-9.040719632491257,2.056671214488043,10.779361852837342
689,-2.416247712395537,0.012855912157550126,1.8589428094107099
690,5.200431225268516,0.823219047631988,13.87105505205186
691,4.425937706044636,7.368824075692024,44.53158234967147
692,1.9454698443286027,5.8552053231024415,21.775556997662935
693,-1.6328048883960387,-0.04104941134807022,2.5952795310415997
694,-2.61309708199239,5.21488797323188,30.7266965745418
695,2.0704567689679756,-2.536172309474613,20.698032874910655
696,0.773344168231661,5.207841944092909,31.323372818566746
697,-0.19633995518976594,-4.744664054248817,24.132558282646354
698,0.659558778937061,-9.902827955344698,45.10190720623095
699,3.843853221997375,-2.1066379366234025,1.4186111474215464
700,-2.346553681395534,4.378478393897534,13.43693554519246
701,-6.825814386125844,9.735493214101789,52.5407759257334
702,-2.4012102086911167,-2.6162547169244754,18.8159454880574
703,5.106123715835816,3.5434763655521326,26.886174701964784
704,12.25614859537538,-1.0560299181575998,10.552881902506854
705,-0.6020331933220486,-7.396579899816268,31.30514130027036
706,-1.6605113867441257,-3.607156477858779,13.350283976439504
707,-2.2438350655274957,-8.720938782769776,53.12454473152898
708,8.30303779947257,-7.0830174121282035,35.88716809284998
709,-14.011013991958565,-5.942122107915097,19.507528734437972
710,-3.019197763980755,-5.747770316285591,26.40058880995579
711,5.491517703662562,-0.6891958929804692,12.284335344462882
712,0.12692802203229495,3.0519588215270637,14.724567712260143
713,1.4300626348905898,4.892836487230215,33.06999023650318
714,-5.547387768180726,-2.7375905033971586,18.351481299347398
715,3.329835730347689,-12.67277231042115,73.42263974564169
716,-6.875922396586204,2.504961160899733,10.183604031194694
717,-2.401245174974627,4.680537750548488,17.993807944290932
718,4.045901484265814,-5.990464400955191,35.072403061496246
719,2.033285437334406,6.008489278337532,21.115096682149275
720,0.7371720082548595,-4.887324386229346,19.652807353741892
721,4.39694970956685,3.1771226327699775,20.02510985798023
722,2.7130539174939816,3.579694467184958,26.890052684541796
723,-14.973064301138095,4.4046878054048575,12.553385049350714
724,9.040659052894878,2.183192373146465,9.834961224445232
725,0.9636449824986342,3.4821933669571963,24.53167756442265
726,1.6911273684255765,3.25890630850308,18.14144923823943
727,0.007355001227054032,-3.8335242726845014,17.923761018537114
728,-5.0216135610730674,-4.99095864115932,23.304486500510613
729,-6.865212754754476,-5.338710055095532,26.178853901241688
730,8.806330637099315,3.7704783182812136,26.698267079849188
731,-3.1251369534233566,-1.9519634699275403,13.92653024039071
732,0.5627876545322714,-3.2777251474217906,13.78153502483982
733,0.3375842858716243,3.88802068951456,19.525389600855664
734,-0.17871366774086742,1.6800787133099606,11.216925411839322
735,4.432457696798079,-1.360658780091041,1.8951123943868864
736,1.4239529956718158,-1.5468879644168068,1.8040520709554584
737,-0.142644349172082,-1.6236513254148,9.19934886156193
738,-2.6443492677805764,0.8685592649351171,10.752222072770326
739,2.8327265790910623,0.7315222300052213,12.524850168899837
740,2.4936347915596597,-3.6896589012061494,20.275174807538313
741,-6.018675960998897,2.0852175148380176,0.6679251994467348
742,3.439406955873773,0.24928633299911324,3.7181691319458885
743,6.740178902123594,4.538493989939493,32.483831400507846
744,13.402854203845003,-1.0040425699783277,11.14614909659686
745,-4.994243980476841,-3.7006839536975678,19.838856326827678
746,-2.8274890318732817,2.3801569171905728,21.812296976419066
747,-10.790342819806284,6.592755090454183,31.769989153962154
748,-1.1964829557117207,-1.233967788943759,1.9091430362054882
749,-5.396715830124976,-0.571127757250901,10.066210670007326
750,0.06619883833766776,-0.6097246380013863,2.2321056311973795
751,1.695296279712152,-2.948160209755149,13.758578254391551
752,-4.4790788020541354,2.7416406524898997,23.521673856723147
753,0.49333726907897835,0.985905275986837,9.035567921122318
754,5.295136272209832,-5.112821956303428,23.24211904765424
755,-4.276202286254321,6.286098254144971,26.909146473043936
756,-7.414416787870213,-6.547060731655071,42.06464096724434
757,4.089309155924979,1.1910009601101932,3.2445938794815588
758,0.5261606852963793,-0.45829704050191594,0.48150365679698237
759,0.1563377351378474,-0.4605605734597796,3.6254070381698718
760,6.777213512972091,-1.9907406437503754,1.1092247452290684
761,-0.8068676813888959,8.972244026125368,51.18701200881927
762,0.13754851014917902,11.160081947625889,56.71269487136711
763,-0.5248985050947678,6.837074912300793,36.9304452946139
764,-8.276720191548389,0.7682223040783319,1.1752917469200725
765,-7.9223678157546775,4.222271533022932,19.329561391153042
766,-6.064339081045124,1.4188477719167274,0.9810301570094582
767,-1.4109793834521756,-5.791015925920144,19.805181997293705
768,-8.096799914487713,-2.555202317900549,6.891987509721925
769,8.703147229476654,-1.4674252744468874,4.154762354966987
770,4.58610771057928,-0.28521433831094073,6.259736079893781
771,4.383633868452262,-9.134556891522589,42.06615897212374
772,-2.0159415342476668,4.747027618966094,14.845324921162467
773,-0.8162747441658936,-0.43227641355523566,4.212222854354281
774,-2.1523095594289647,5.74689691683562,18.401374388937427
775,1.4875717697747295,0.22011138087673987,7.317787192665262
776,3.2152727266964636,2.9411246455896833,6.732395310693897
777,1.062935232187683,7.735157484954223,47.401646354242004
778,-0.3014376681955952,1.39040523983972,6.226999734706247
779,-3.2147627667644523,0.750576135030646,4.2088102021116764
780,7.9388076187268375,-3.2162880089436943,12.675875570895222
781,-5.667964128192295,4.983798214099078,31.95780453018429
782,-0.7438307611683963,0.48002102484885006,8.266874988609052
783,-0.22556651846667408,0.3956086196476754,1.1451294122413322
784,4.252653417617191,-4.195620952996368,27.42293129935452
785,-5.058870420527443,0.42484068518853835,6.707014231463759
786,-8.032198447249163,-6.865267680209643,23.86170609733321
787,9.333415741658136,3.7873416503070194,11.833711067112366
788,-0.05028235934507269,6.190034679792199,29.61567580313367
789,-5.202996150425725,-1.5780156169292912,1.400333672880803
790,3.1172680471219123,4.453358407156974,18.624665508028865
791,2.564584234138882,-12.706194038441122,60.68411549345203
792,-4.840410588322889,2.385340461784326,1.116782933299572
793,-1.7797574652340318,12.701158103795859,64.55885017487444
794,4.632791504835482,2.790409403093329,18.1345228032118
795,-5.584747768733617,-0.1764836980145778,4.027227792631736
796,1.2060198210947626,5.638918150639012,38.20161037584264
797,4.405655485498162,5.164945972599728,30.06156275806092
798,-4.61956007905001,7.0607584914931545,40.937465371250276
799,-6.902153761536346,-2.679572808330809,19.16045752699951
800,2.153855674728207,-0.7494579586656966,12.309269177485877
801,-5.030184289601958,-4.107749128015663,18.06099257550253
802,-7.741271614245212,2.6598731950359564,10.893770320645322
803,6.302844225210746,-0.5019675170068301,6.077433247034793
804,-2.001744075067117,-7.361614642332448,43.48061588089452
805,4.566009621260888,11.056521666197465,64.78540885896712
806,-8.987279021834487,-5.317164690773034,33.984187806080406
807,-3.3979652127207203,-2.8215895484124447,22.656282600074096
808,1.136729750717405,8.071247736401137,48.28230763254886
809,5.042986434300518,2.6379869138715795,16.022838179482807
810,-3.6196435202930104,-5.598141168402272,23.420926718095135
811,-3.9838765315315046,7.740334006893693,37.72088516087822
812,-0.30871650728950534,-2.234181268313106,9.207447240460585
813,-0.9187786512499613,4.123091098192338,27.431599120411555
814,-6.564248372748959,7.074370679612112,28.05104722452591
815,0.7823812847314948,-1.0817198914786306,2.0733216778658807
816,2.214230568733695,1.0919853656496852,5.027018969089
817,-1.720982282336906,-1.2635533602080335,2.847392712533864
818,-4.344312734329761,3.281953754296512,15.792133424023898
819,-2.6599690470558093,-4.781292112161414,16.764149386243275
820,0.8293176132676866,6.645706413727766,39.565525937088935
821,-0.2417231188990981,-3.0405062847584494,14.607064279219589
822,2.019480104179869,9.68356231201276,39.524016576239816
823,-7.259527647158737,1.911013938926468,15.454374840001698
824,1.025433126159269,5.807669017795586,37.05237585477432
825,4.954545868424226,-0.9335455590488961,9.864563600282697
826,-8.422586277124415,4.032818839481298,30.172965988465982
827,-4.175963450957416,-4.733702054785947,31.314980292817612
828,5.741752903455631,-4.554251888193263,11.402074707565436
829,7.0142237005012165,1.6792236070265651,0.8671724594335126
830,1.595592000431412,1.5363239025279551,13.617197033707226
831,-8.19211812870896,-8.88194308173288,52.48784982243782
832,1.077765268943424,2.8400367961321002,23.405106953585015
833,0.41305516078100507,-4.107672585097638,18.910124265761084
834,0.09461051941097368,-0.4101707657274207,1.9097685773533777
835,-4.7857904913770515,5.0698607705608065,18.305355175740317
836,-8.65138030775043,2.9437120340375325,8.627668842428202
837,1.9216170260562264,5.048559274058571,19.681567195149555
838,-5.026559361744294,0.507035733341055,4.337222633121195
839,10.85582474659083,3.3103714449985318,6.870989028577348
840,0.502906043644816,2.695806370570983,16.220882501115092
841,0.4308842119006001,10.9544900661992,56.24861331184789
842,4.918180978945897,-0.42807477115248543,9.268336337979514
843,1.2616571569226063,-1.9539899804050678,2.361717108890108
844,6.049250632051525,-7.030523856955054,43.683891622597514
845,-8.023692649304936,7.293573748379968,46.272045853244144
846,10.765598962852913,2.3415245384479584,15.805842295895955
847,0.5636897061786863,3.2863384515238865,19.01682229406516
848,-3.2352676319137963,0.8562177257610625,5.103652478578043
849,0.19454352928107516,3.132821253726803,16.07529651613159
850,-7.7899926409169815,-2.5351738488266875,23.63930591485919
851,4.2249780150041865,-3.3779691381503154,26.453730099176177
852,-4.966806877115677,10.21036074913477,46.23239407417036
853,0.19059000089700182,-2.8945906997160393,15.463176749129355
854,-8.461852187370543,3.646731731402131,23.28220265657062
855,3.495680768593469,-1.4937980028496798,11.302631761606785
856,-5.511150954535453,-0.12274711821189518,10.896604452697655
857,-4.179280337408107,-4.710467944365579,33.78291241896472
858,-0.5160637573085379,-5.256951993300323,24.188183133050234
859,1.233244776262231,3.0399625470319864,25.2127686567555
860,-4.198162235865957,-6.841225476691953,42.45996704593158
861,7.806397994779035,-4.701351179786024,32.82280164052936
862,-3.299713525511688,1.0650858371494367,4.595820779957366
863,2.996846862611485,-1.2815844684482138,2.015745486877158
864,2.303971638506278,-2.004930789482005,18.07371882284985
865,-4.855853324121954,7.131584303935137,24.642690827744666
866,12.44220807165564,8.479847665070846,34.637939674992
867,0.7090331957672723,9.167176809078391,50.962813893538915
868,1.7785175786199223,-2.386431352016147,13.51822134339666
869,2.331897871909894,-0.4719625320559248,8.97677477807578
870,-4.9155909187285385,-4.49160985716008,29.623874542489332
871,4.01025869370258,-9.232659908323365,50.450062839603774
872,3.0206837022134208,-8.147918013742192,38.02335730000159
873,-10.605882224512179,-9.194233018792492,52.59930324632663
874,9.8338198596737,-0.9811698247177101,2.123043002909036
875,0.43291590082709547,7.096275229554756,36.283363284653944
876,4.670898742498625,-6.957526347021098,33.28031827834445
877,4.345031714093805,0.9209063235177315,4.043014600354989
878,-1.708390487979403,0.12145457068890195,2.869737700755275
879,6.399060103140109,-4.429832410204765,25.013992588359642
880,2.004428395520606,-0.048286182664541724,6.597710119823021
881,-8.985823076978093,-4.011265858654054,29.07518834324186
882,0.9660677661684823,6.486710445464453,40.529253358336845
883,5.006655086733648,2.986062522017125,14.056811096258071
884,-4.076378305682293,9.006069954042674,36.379973365550114
885,1.0762023381980574,-5.031827608392751,16.88604404688712
886,-0.914524904284755,4.4812421267807965,30.764667309466606
887,0.038087491590790536,4.434323432913805,21.660483136535923
888,5.518469787310751,2.002653422993531,2.0786793368416023
889,-4.28851311523447,0.6772733159499027,1.8385755326105788
890,0.225829279694155,9.296731669258142,46.34624450864086
891,-8.13160968913415,-0.6741122554717703,4.389040961231022
892,-2.9204677339745966,1.6755281009799945,17.11418013343611
893,-12.187821795996781,5.5746227974514,19.938766464958235
894,0.06874243667766829,-9.22350581814023,47.4921939122102
895,-1.8055656736993306,3.044811708272621,16.040036763931827
896,-7.957239377290158,0.016111082215778495,3.893213672231725
897,-5.28736823900765,-2.7799251593948364,12.313864302205072
898,0.13369191337318465,0.9172512679078815,7.359406687922322
899,-2.353712490913636,1.3639819476513206,0.3507661055185077
900,4.089888036274028,-1.394571375516199,16.951589557539013
901,7.157838787246455,7.311070853902097,44.116097449314886
902,-2.1435103279291443,-3.1892027823679214,25.509220882823488
903,-8.320864925830868,-0.6328466581969493,1.7593803523783929
904,-1.8171889005802568,3.895256100664958,17.02561548821229
905,-7.548308030341494,-1.3869569587155492,0.9589357166837591
906,4.843721965555726,-3.6517854777897996,28.730246346184337
907,-3.8118076836380466,-7.234701673779043,28.119444769244737
908,13.102869230091196,-3.737365890326897,8.803139131982993
909,-6.501734161091695,-4.0192520201576,28.670811805143874
910,-3.8714754024340223,-1.3469488922562014,0.961086664646086
911,4.126861160437574,-1.4916158449791685,18.554027665948023
912,-4.6141165749841395,-7.256692490955126,28.80261517278597
913,0.10928679109935685,0.21269537014895362,0.8644135747894865
914,7.654661755144123,0.4622386773490429,9.98032133909068
915,-0.4950415564203869,-5.253269182937448,22.872694848170937
916,-1.5297628754919597,-2.1923722901730303,3.8337796241459956
917,-1.8508208225685128,-4.796276963202941,27.046771295468368
918,2.691648016380884,-0.7122270875468468,4.99381390183237
919,-1.001767400024937,-8.570230580244981,34.57015469595806
920,2.4682204376243195,2.4350766299018973,8.977569909102328
921,-4.195647014211069,4.950606919395969,16.5516269089261
922,-6.823791150412162,-0.10934954394539938,6.088129823679011
923,-1.3560366994508195,-6.585873944028972,23.081116662439555
924,0.9485130603999787,8.512850761208956,50.44064886909602
925,0.3381711503345988,-2.3151087705452547,8.094812836932537
926,2.2351207844283913,0.5285999773357747,7.234602991056765
927,0.13881065812750742,-2.12771106385724,10.705460235803336
928,7.109877796462324,2.281816817403927,14.583986538163881
929,-2.6433532946774427,-0.5400191839047896,5.244946021919448
930,-3.704333521020363,-3.0414557504074753,4.463667802162534
931,-3.203628620950995,-5.671557968611137,36.05249509092157
932,3.886384818839777,-1.455207316365129,1.2885074414488207
933,2.7706378916338488,-3.3506294886364825,8.288432534231553
934,-0.30181247196169325,-3.555202983955556,17.178342536530703
935,3.5983408526866585,-1.2420965335251912,3.3259137848537526
936,-3.6543679297569294,-8.208516144048922,34.95972858631918
937,1.378332746703872,-3.5419252616905355,6.564406075467357
938,-0.07889608560497587,-2.458650540067638,13.02329384086443
939,4.770947904493824,2.72072376179004,6.104952941788024
940,2.2360604372741575,-3.080605616617396,24.626517689670326
941,2.3314502177509473,8.574158043380214,36.672167755900595
942,-4.16093017075031,0.8616956961459439,5.204428005993137
943,-8.24608487208566,6.992810460627678,28.734976297560586
944,-1.9895604929542072,3.9128944042098874,12.200499677798451
945,-8.616141253581615,8.987696935629524,36.027838406078416
946,-1.7843576401279924,2.7282866173501374,13.493764905430698
947,0.754091031662969,-1.277353930938847,0.433257314514657
948,8.428961513296517,-8.240231031830898,31.34044594528238
949,1.4935682999600446,4.553228361149851,30.5501413376488
950,-0.1492806081818313,-0.590853921832959,3.6789296484173444
951,-0.7134385603673252,-6.13818210205204,25.57347180431033
952,0.19063692047467326,2.5635876173619936,14.582627277709737
953,0.3429961374033026,-1.361380505725403,6.0435327813901525
954,-2.448625111865134,-1.396483346391861,9.288266718947858
955,6.288721087480191,-10.433174897102713,42.30395193653879
956,0.20035728273887726,-1.6387745864820837,6.929030672967015
957,7.279039759184217,0.27746112721901384,4.684387229992343
958,7.4246279934997705,-10.619450090227796,60.64241657153003
959,2.297924524170281,1.4002893001884007,2.707133585320232
960,6.95266983536969,-8.206743044115147,50.775493804016676
961,-0.775179040591629,0.33030130893246296,8.243470543852958
962,-2.4789774727260467,6.082888568714702,29.336978322274035
963,-1.693410927226988,10.173812720105769,54.40443224337257
964,5.270889544694613,4.754168485018998,27.999141145651635
965,2.7964949069544214,-5.318477955127739,16.672838311536047
966,-2.1554816875537854,2.8637568342860793,4.35297839064907
967,3.3877851679385858,6.535919225406287,25.385908275501183
968,-2.337205048129532,-4.300766924623316,28.129350443370974
969,4.295520963927653,-4.048132880200564,23.320258979117202
970,4.366559180352061,5.998680882075189,31.491252896200624
971,2.280765179135277,-1.7878951598429895,16.796269908393985
972,0.20541113071939784,2.9673295980161956,15.484041794412324
973,0.050927593560367315,10.991481693352462,56.37248995122054
974,-4.9533546531357455,-5.013342936848955,28.674450204193754
975,-4.884476933676626,-2.9478996127260784,24.6108770185939
976,-10.894657600974547,-3.1482521347009063,22.489434035409143
977,-3.266423509639445,0.3925701258708814,8.3743380766641
978,2.0890029160304073,-6.2010816820388515,40.547998885858426
979,4.500271213820362,9.011211148952736,54.533390258082306
980,-1.0414255154749816,7.871856187377858,48.55979740721371
981,0.9949474720259387,9.943659592976955,57.93355454594461
982,5.586417328440952,-7.819523174198832,41.522957499970076
983,0.09313685330677729,5.271624874520389,27.509453155299976
984,0.15273290520308444,-0.18441765422533474,1.6267162549141712
985,6.348823751571519,-3.54927091073052,12.2308333688029
986,0.08757806639109168,1.6181288230455935,7.761400813164486
987,-1.6689548017678209,-0.10064551938768737,3.7081300151159686
988,3.8751163161208515,2.1641881074999696,18.58264862958858
989,-4.0435876598976686,-5.520619928996309,33.89928995612654
990,-3.945510901283251,0.006242278942433026,1.8766560907627328
991,-0.799698938785214,-4.159787466085624,14.652053695275443
992,-2.990752262582429,-7.600196425960318,34.181026327641575
993,2.08926851608663,-0.2000936267581646,10.162475002650243
994,-6.298936717026351,0.1431025209389141,10.18896290923296
995,6.713110052551766,-3.6996792648262984,9.249273568175237
996,6.575688328604862,-1.6172873624171191,15.047040680539023
997,0.989140839249339,0.4887540121109264,10.83401084435067
998,7.007617080026227,0.7921692339276586,6.349938391878769
999,-5.709507096019233,-6.5548518522060615,23.87664960025023
